source,target,heterogeneous,task,split,seed,method,s_base,s_direct,s_transfer,transfer_lift,direct_lift,recovered_lift,capped,eligible,eval_id
tiny_llama_a1,tiny_qwen2_b,True,T3_paraphrase,toy_fitT1_predT3,0,cross_lora,0.495,0.505,0.495,0.0,0.010000000000000009,,False,False,transfer__tiny_llama_a1__to__tiny_qwen2_b__toy_fitT1_predT3__cross_lora__seed0__T3_paraphrase__on_T3_paraphrase__v1
tiny_llama_a1,tiny_qwen2_b,True,T3_paraphrase,toy_fitT1_predT3,1,cross_lora,0.495,0.5,0.495,0.0,0.0050000000000000044,,False,False,transfer__tiny_llama_a1__to__tiny_qwen2_b__toy_fitT1_predT3__cross_lora__seed1__T3_paraphrase__on_T3_paraphrase__v1
tiny_llama_a1,tiny_qwen2_b,True,T3_paraphrase,toy_fitT1_predT3,0,identity,0.495,0.505,0.495,0.0,0.010000000000000009,,False,False,transfer__tiny_llama_a1__to__tiny_qwen2_b__toy_fitT1_predT3__identity__seed0__T3_paraphrase__on_T3_paraphrase__v1
tiny_llama_a1,tiny_qwen2_b,True,T3_paraphrase,toy_fitT1_predT3,1,identity,0.495,0.5,0.495,0.0,0.0050000000000000044,,False,False,transfer__tiny_llama_a1__to__tiny_qwen2_b__toy_fitT1_predT3__identity__seed1__T3_paraphrase__on_T3_paraphrase__v1
tiny_llama_a1,tiny_qwen2_b,True,T3_paraphrase,toy_fitT1_predT3,0,procrustes_full,0.495,0.505,0.52,0.025000000000000022,0.010000000000000009,,False,False,transfer__tiny_llama_a1__to__tiny_qwen2_b__toy_fitT1_predT3__procrustes_full__seed0__T3_paraphrase__on_T3_paraphrase__v1
tiny_llama_a1,tiny_qwen2_b,True,T3_paraphrase,toy_fitT1_predT3,1,procrustes_full,0.495,0.5,0.495,0.0,0.0050000000000000044,,False,False,transfer__tiny_llama_a1__to__tiny_qwen2_b__toy_fitT1_predT3__procrustes_full__seed1__T3_paraphrase__on_T3_paraphrase__v1
tiny_llama_a1,tiny_qwen2_b,True,T3_paraphrase,toy_fitT1_predT3,0,random,0.495,0.505,0.495,0.0,0.010000000000000009,,False,False,transfer__tiny_llama_a1__to__tiny_qwen2_b__toy_fitT1_predT3__random__seed0__T3_paraphrase__on_T3_paraphrase__v1
tiny_llama_a1,tiny_qwen2_b,True,T3_paraphrase,toy_fitT1_predT3,1,random,0.495,0.5,0.495,0.0,0.0050000000000000044,,False,False,transfer__tiny_llama_a1__to__tiny_qwen2_b__toy_fitT1_predT3__random__seed1__T3_paraphrase__on_T3_paraphrase__v1
tiny_llama_a1,tiny_qwen2_b,True,T3_paraphrase,toy_fitT1_predT3,0,svd_linear,0.495,0.505,0.5,0.0050000000000000044,0.010000000000000009,,False,False,transfer__tiny_llama_a1__to__tiny_qwen2_b__toy_fitT1_predT3__svd_linear__seed0__T3_paraphrase__on_T3_paraphrase__v1
tiny_llama_a1,tiny_qwen2_b,True,T3_paraphrase,toy_fitT1_predT3,1,svd_linear,0.495,0.5,0.49,-0.0050000000000000044,0.0050000000000000044,,False,False,transfer__tiny_llama_a1__to__tiny_qwen2_b__toy_fitT1_predT3__svd_linear__seed1__T3_paraphrase__on_T3_paraphrase__v1
tiny_llama_a1,tiny_qwen2_b,True,T3_paraphrase,toy_fitT1_predT3,0,svd_procrustes,0.495,0.505,0.495,0.0,0.010000000000000009,,False,False,transfer__tiny_llama_a1__to__tiny_qwen2_b__toy_fitT1_predT3__svd_procrustes__seed0__T3_paraphrase__on_T3_paraphrase__v1
tiny_llama_a1,tiny_qwen2_b,True,T3_paraphrase,toy_fitT1_predT3,1,svd_procrustes,0.495,0.5,0.495,0.0,0.0050000000000000044,,False,False,transfer__tiny_llama_a1__to__tiny_qwen2_b__toy_fitT1_predT3__svd_procrustes__seed1__T3_paraphrase__on_T3_paraphrase__v1
tiny_llama_a1,tiny_qwen2_b,True,T1_sentiment,toy_fitT3_predT1,0,cross_lora,0.51,0.49,0.51,0.0,-0.020000000000000018,,False,False,transfer__tiny_llama_a1__to__tiny_qwen2_b__toy_fitT3_predT1__cross_lora__seed0__T1_sentiment__on_T1_sentiment__v1
tiny_llama_a1,tiny_qwen2_b,True,T1_sentiment,toy_fitT3_predT1,1,cross_lora,0.51,0.49,0.51,0.0,-0.020000000000000018,,False,False,transfer__tiny_llama_a1__to__tiny_qwen2_b__toy_fitT3_predT1__cross_lora__seed1__T1_sentiment__on_T1_sentiment__v1
tiny_llama_a1,tiny_qwen2_b,True,T1_sentiment,toy_fitT3_predT1,0,identity,0.51,0.49,0.51,0.0,-0.020000000000000018,,False,False,transfer__tiny_llama_a1__to__tiny_qwen2_b__toy_fitT3_predT1__identity__seed0__T1_sentiment__on_T1_sentiment__v1
tiny_llama_a1,tiny_qwen2_b,True,T1_sentiment,toy_fitT3_predT1,1,identity,0.51,0.49,0.51,0.0,-0.020000000000000018,,False,False,transfer__tiny_llama_a1__to__tiny_qwen2_b__toy_fitT3_predT1__identity__seed1__T1_sentiment__on_T1_sentiment__v1
tiny_llama_a1,tiny_qwen2_b,True,T1_sentiment,toy_fitT3_predT1,0,procrustes_full,0.51,0.49,0.51,0.0,-0.020000000000000018,,False,False,transfer__tiny_llama_a1__to__tiny_qwen2_b__toy_fitT3_predT1__procrustes_full__seed0__T1_sentiment__on_T1_sentiment__v1
tiny_llama_a1,tiny_qwen2_b,True,T1_sentiment,toy_fitT3_predT1,1,procrustes_full,0.51,0.49,0.51,0.0,-0.020000000000000018,,False,False,transfer__tiny_llama_a1__to__tiny_qwen2_b__toy_fitT3_predT1__procrustes_full__seed1__T1_sentiment__on_T1_sentiment__v1
tiny_llama_a1,tiny_qwen2_b,True,T1_sentiment,toy_fitT3_predT1,0,random,0.51,0.49,0.495,-0.015000000000000013,-0.020000000000000018,,False,False,transfer__tiny_llama_a1__to__tiny_qwen2_b__toy_fitT3_predT1__random__seed0__T1_sentiment__on_T1_sentiment__v1
tiny_llama_a1,tiny_qwen2_b,True,T1_sentiment,toy_fitT3_predT1,1,random,0.51,0.49,0.515,0.0050000000000000044,-0.020000000000000018,,False,False,transfer__tiny_llama_a1__to__tiny_qwen2_b__toy_fitT3_predT1__random__seed1__T1_sentiment__on_T1_sentiment__v1
tiny_llama_a1,tiny_qwen2_b,True,T1_sentiment,toy_fitT3_predT1,0,svd_linear,0.51,0.49,0.51,0.0,-0.020000000000000018,,False,False,transfer__tiny_llama_a1__to__tiny_qwen2_b__toy_fitT3_predT1__svd_linear__seed0__T1_sentiment__on_T1_sentiment__v1
tiny_llama_a1,tiny_qwen2_b,True,T1_sentiment,toy_fitT3_predT1,1,svd_linear,0.51,0.49,0.535,0.025000000000000022,-0.020000000000000018,,False,False,transfer__tiny_llama_a1__to__tiny_qwen2_b__toy_fitT3_predT1__svd_linear__seed1__T1_sentiment__on_T1_sentiment__v1
tiny_llama_a1,tiny_qwen2_b,True,T1_sentiment,toy_fitT3_predT1,0,svd_procrustes,0.51,0.49,0.51,0.0,-0.020000000000000018,,False,False,transfer__tiny_llama_a1__to__tiny_qwen2_b__toy_fitT3_predT1__svd_procrustes__seed0__T1_sentiment__on_T1_sentiment__v1
tiny_llama_a1,tiny_qwen2_b,True,T1_sentiment,toy_fitT3_predT1,1,svd_procrustes,0.51,0.49,0.505,-0.0050000000000000044,-0.020000000000000018,,False,False,transfer__tiny_llama_a1__to__tiny_qwen2_b__toy_fitT3_predT1__svd_procrustes__seed1__T1_sentiment__on_T1_sentiment__v1
tiny_qwen2_b,tiny_llama_a1,True,T3_paraphrase,toy_fitT1_predT3,0,cross_lora,0.495,0.5,0.5,0.0050000000000000044,0.0050000000000000044,,False,False,transfer__tiny_qwen2_b__to__tiny_llama_a1__toy_fitT1_predT3__cross_lora__seed0__T3_paraphrase__on_T3_paraphrase__v1
tiny_qwen2_b,tiny_llama_a1,True,T3_paraphrase,toy_fitT1_predT3,1,cross_lora,0.495,0.505,0.495,0.0,0.010000000000000009,,False,False,transfer__tiny_qwen2_b__to__tiny_llama_a1__toy_fitT1_predT3__cross_lora__seed1__T3_paraphrase__on_T3_paraphrase__v1
tiny_qwen2_b,tiny_llama_a1,True,T3_paraphrase,toy_fitT1_predT3,0,identity,0.495,0.5,0.5,0.0050000000000000044,0.0050000000000000044,,False,False,transfer__tiny_qwen2_b__to__tiny_llama_a1__toy_fitT1_predT3__identity__seed0__T3_paraphrase__on_T3_paraphrase__v1
tiny_qwen2_b,tiny_llama_a1,True,T3_paraphrase,toy_fitT1_predT3,1,identity,0.495,0.505,0.505,0.010000000000000009,0.010000000000000009,,False,False,transfer__tiny_qwen2_b__to__tiny_llama_a1__toy_fitT1_predT3__identity__seed1__T3_paraphrase__on_T3_paraphrase__v1
tiny_qwen2_b,tiny_llama_a1,True,T3_paraphrase,toy_fitT1_predT3,0,procrustes_full,0.495,0.5,0.505,0.010000000000000009,0.0050000000000000044,,False,False,transfer__tiny_qwen2_b__to__tiny_llama_a1__toy_fitT1_predT3__procrustes_full__seed0__T3_paraphrase__on_T3_paraphrase__v1
tiny_qwen2_b,tiny_llama_a1,True,T3_paraphrase,toy_fitT1_predT3,1,procrustes_full,0.495,0.505,0.475,-0.020000000000000018,0.010000000000000009,,False,False,transfer__tiny_qwen2_b__to__tiny_llama_a1__toy_fitT1_predT3__procrustes_full__seed1__T3_paraphrase__on_T3_paraphrase__v1
tiny_qwen2_b,tiny_llama_a1,True,T3_paraphrase,toy_fitT1_predT3,0,random,0.495,0.5,0.505,0.010000000000000009,0.0050000000000000044,,False,False,transfer__tiny_qwen2_b__to__tiny_llama_a1__toy_fitT1_predT3__random__seed0__T3_paraphrase__on_T3_paraphrase__v1
tiny_qwen2_b,tiny_llama_a1,True,T3_paraphrase,toy_fitT1_predT3,1,random,0.495,0.505,0.51,0.015000000000000013,0.010000000000000009,,False,False,transfer__tiny_qwen2_b__to__tiny_llama_a1__toy_fitT1_predT3__random__seed1__T3_paraphrase__on_T3_paraphrase__v1
tiny_qwen2_b,tiny_llama_a1,True,T3_paraphrase,toy_fitT1_predT3,0,svd_linear,0.495,0.5,0.51,0.015000000000000013,0.0050000000000000044,,False,False,transfer__tiny_qwen2_b__to__tiny_llama_a1__toy_fitT1_predT3__svd_linear__seed0__T3_paraphrase__on_T3_paraphrase__v1
tiny_qwen2_b,tiny_llama_a1,True,T3_paraphrase,toy_fitT1_predT3,1,svd_linear,0.495,0.505,0.505,0.010000000000000009,0.010000000000000009,,False,False,transfer__tiny_qwen2_b__to__tiny_llama_a1__toy_fitT1_predT3__svd_linear__seed1__T3_paraphrase__on_T3_paraphrase__v1
tiny_qwen2_b,tiny_llama_a1,True,T3_paraphrase,toy_fitT1_predT3,0,svd_procrustes,0.495,0.5,0.495,0.0,0.0050000000000000044,,False,False,transfer__tiny_qwen2_b__to__tiny_llama_a1__toy_fitT1_predT3__svd_procrustes__seed0__T3_paraphrase__on_T3_paraphrase__v1
tiny_qwen2_b,tiny_llama_a1,True,T3_paraphrase,toy_fitT1_predT3,1,svd_procrustes,0.495,0.505,0.505,0.010000000000000009,0.010000000000000009,,False,False,transfer__tiny_qwen2_b__to__tiny_llama_a1__toy_fitT1_predT3__svd_procrustes__seed1__T3_paraphrase__on_T3_paraphrase__v1
tiny_qwen2_b,tiny_llama_a1,True,T1_sentiment,toy_fitT3_predT1,0,cross_lora,0.49,0.54,0.49,0.0,0.050000000000000044,0.0,False,True,transfer__tiny_qwen2_b__to__tiny_llama_a1__toy_fitT3_predT1__cross_lora__seed0__T1_sentiment__on_T1_sentiment__v1
tiny_qwen2_b,tiny_llama_a1,True,T1_sentiment,toy_fitT3_predT1,1,cross_lora,0.49,0.515,0.495,0.0050000000000000044,0.025000000000000022,0.2,False,True,transfer__tiny_qwen2_b__to__tiny_llama_a1__toy_fitT3_predT1__cross_lora__seed1__T1_sentiment__on_T1_sentiment__v1
tiny_qwen2_b,tiny_llama_a1,True,T1_sentiment,toy_fitT3_predT1,0,identity,0.49,0.54,0.49,0.0,0.050000000000000044,0.0,False,True,transfer__tiny_qwen2_b__to__tiny_llama_a1__toy_fitT3_predT1__identity__seed0__T1_sentiment__on_T1_sentiment__v1
tiny_qwen2_b,tiny_llama_a1,True,T1_sentiment,toy_fitT3_predT1,1,identity,0.49,0.515,0.49,0.0,0.025000000000000022,0.0,False,True,transfer__tiny_qwen2_b__to__tiny_llama_a1__toy_fitT3_predT1__identity__seed1__T1_sentiment__on_T1_sentiment__v1
tiny_qwen2_b,tiny_llama_a1,True,T1_sentiment,toy_fitT3_predT1,0,procrustes_full,0.49,0.54,0.485,-0.0050000000000000044,0.050000000000000044,-0.1,False,True,transfer__tiny_qwen2_b__to__tiny_llama_a1__toy_fitT3_predT1__procrustes_full__seed0__T1_sentiment__on_T1_sentiment__v1
tiny_qwen2_b,tiny_llama_a1,True,T1_sentiment,toy_fitT3_predT1,1,procrustes_full,0.49,0.515,0.52,0.030000000000000027,0.025000000000000022,1.2,False,True,transfer__tiny_qwen2_b__to__tiny_llama_a1__toy_fitT3_predT1__procrustes_full__seed1__T1_sentiment__on_T1_sentiment__v1
tiny_qwen2_b,tiny_llama_a1,True,T1_sentiment,toy_fitT3_predT1,0,random,0.49,0.54,0.515,0.025000000000000022,0.050000000000000044,0.5,False,True,transfer__tiny_qwen2_b__to__tiny_llama_a1__toy_fitT3_predT1__random__seed0__T1_sentiment__on_T1_sentiment__v1
tiny_qwen2_b,tiny_llama_a1,True,T1_sentiment,toy_fitT3_predT1,1,random,0.49,0.515,0.49,0.0,0.025000000000000022,0.0,False,True,transfer__tiny_qwen2_b__to__tiny_llama_a1__toy_fitT3_predT1__random__seed1__T1_sentiment__on_T1_sentiment__v1
tiny_qwen2_b,tiny_llama_a1,True,T1_sentiment,toy_fitT3_predT1,0,svd_linear,0.49,0.54,0.52,0.030000000000000027,0.050000000000000044,0.6,False,True,transfer__tiny_qwen2_b__to__tiny_llama_a1__toy_fitT3_predT1__svd_linear__seed0__T1_sentiment__on_T1_sentiment__v1
tiny_qwen2_b,tiny_llama_a1,True,T1_sentiment,toy_fitT3_predT1,1,svd_linear,0.49,0.515,0.565,0.07499999999999996,0.025000000000000022,2.0,True,True,transfer__tiny_qwen2_b__to__tiny_llama_a1__toy_fitT3_predT1__svd_linear__seed1__T1_sentiment__on_T1_sentiment__v1
tiny_qwen2_b,tiny_llama_a1,True,T1_sentiment,toy_fitT3_predT1,0,svd_procrustes,0.49,0.54,0.51,0.020000000000000018,0.050000000000000044,0.4,False,True,transfer__tiny_qwen2_b__to__tiny_llama_a1__toy_fitT3_predT1__svd_procrustes__seed0__T1_sentiment__on_T1_sentiment__v1
tiny_qwen2_b,tiny_llama_a1,True,T1_sentiment,toy_fitT3_predT1,1,svd_procrustes,0.49,0.515,0.56,0.07000000000000006,0.025000000000000022,2.0,True,True,transfer__tiny_qwen2_b__to__tiny_llama_a1__toy_fitT3_predT1__svd_procrustes__seed1__T1_sentiment__on_T1_sentiment__v1
